,first_name,second_name,goals_scored,assists,total_points,minutes,goals_conceded,creativity,influence,threat,bonus,bps,ict_index,clean_sheets,red_cards,yellow_cards,selected_by_percent,now_cost,element_type
0,Folarin,Balogun,0,0,0,0,0,0.0,0.0,0.0,0,0,0.0,0,0,0,0.9,45,FWD
1,Cédric,Alves Soares,0,0,10,223,3,51.4,56.4,10.0,0,56,11.9,0,0,0,0.4,40,DEF
2,Mohamed,Elneny,0,0,6,111,2,5.4,4.6,0.0,0,27,1.1,0,0,0,0.2,45,MID
3,Fábio,Ferreira Vieira,1,2,40,500,5,180.6,116.0,123.0,2,134,41.5,2,0,0,0.1,55,MID
4,Gabriel,dos Santos Magalhães,3,0,146,3409,43,131.4,743.8,401.0,15,723,127.7,14,0,5,29.6,50,DEF
5,Kai,Havertz,7,1,102,2565,31,536.6,476.4,1014.0,13,301,202.5,9,0,5,5.3,75,MID
6,Rob,Holding,1,0,21,562,13,10.3,152.0,54.0,0,120,21.6,0,0,0,0.2,45,DEF
7,Gabriel,Fernando de Jesus,11,7,125,2064,23,427.8,660.6,1331.0,17,401,241.9,9,0,6,5.7,80,FWD
8,Jorge Luiz,Frello Filho,2,2,79,2127,23,261.4,400.4,98.0,5,379,76.1,9,0,4,0.2,55,MID
9,Jakub,Kiwior,1,0,26,425,6,17.9,98.6,21.0,1,111,13.9,2,0,0,0.1,45,DEF
10,Marcus,Oliveira Alencar,0,0,1,1,0,0.2,0.0,0.0,0,3,0.0,0,0,0,0.2,45,MID
11,Gabriel,Martinelli Silva,15,9,198,2789,33,838.1,844.2,1300.0,18,648,298.1,14,0,3,14.0,80,MID
12,Eddie,Nketiah,4,2,63,1071,16,128.5,213.4,607.0,5,161,93.8,2,0,3,2.6,55,FWD
13,Martin,Ødegaard,15,8,212,3132,38,1140.3,971.8,934.0,30,813,304.9,13,0,4,22.5,85,MID
14,Thomas,Partey,3,0,86,2480,28,444.1,526.6,242.0,6,468,121.5,11,0,5,0.4,50,MID
15,Nicolas,Pépé,0,0,0,0,0,0.0,0.0,0.0,0,0,0.0,0,0,0,0.1,50,MID
16,Aaron,Ramsdale,0,0,143,3420,43,0.0,764.8,0.0,9,664,76.5,14,0,1,19.7,50,GK
17,Rúnar Alex,Rúnarsson,0,0,0,0,0,0.0,0.0,0.0,0,0,0.0,0,0,0,0.2,40,GK
18,Bukayo,Saka,14,12,202,3183,42,1106.1,1014.2,1214.0,19,678,333.4,12,0,6,57.4,85,MID
19,William,Saliba,2,1,117,2415,25,100.8,529.0,114.0,14,571,74.5,12,0,4,17.1,50,DEF
20,Albert,Sambi Lokonga,0,0,23,728,8,57.2,98.4,20.0,0,129,17.6,2,0,2,0.0,50,MID
21,Emile,Smith Rowe,0,2,18,161,5,74.4,53.8,41.0,0,60,16.7,0,0,0,0.2,55,MID
22,Nuno,Varela Tavares,0,0,0,0,0,0.0,0.0,0.0,0,0,0.0,0,0,0,0.3,40,DEF
23,Kieran,Tierney,0,1,37,774,10,86.1,144.6,67.0,0,164,30.0,1,0,0,0.4,45,DEF
24,Takehiro,Tomiyasu,0,1,32,651,11,86.6,137.0,55.0,0,173,27.7,2,0,2,0.2,45,DEF
25,Leandro,Trossard,8,13,154,2237,38,711.4,666.0,875.0,8,494,225.2,8,0,1,5.8,70,MID
26,Matt,Turner,0,0,0,0,0,0.0,0.0,0.0,0,0,0.0,0,0,0,4.1,40,GK
27,Benjamin,White,2,5,156,3054,35,492.5,655.4,159.0,12,734,130.8,15,0,5,10.2,55,DEF
28,Granit,Xhaka,7,8,153,2992,35,675.5,715.0,556.0,15,634,194.8,13,0,4,0.1,60,MID
29,Oleksandr,Zinchenko,1,2,99,2122,28,387.7,405.0,190.0,8,500,98.3,10,0,3,7.9,50,DEF
30,Declan,Rice,4,3,116,3272,50,539.3,789.0,226.0,12,622,155.5,9,0,5,6.5,55,MID
31,Reiss,Nelson,3,3,42,202,3,121.9,179.8,178.0,5,127,48.0,1,0,0,0.0,50,MID
32,Jurriën,Timber,0,0,0,0,0,0.0,0.0,0.0,0,0,0.0,0,0,0,5.4,50,DEF
33,Alexandre,Moreno Lopera,0,3,72,1325,10,321.1,254.4,151.0,5,278,72.3,7,0,3,0.1,50,DEF
34,Cameron,Archer,0,0,6,43,1,2.4,1.8,6.0,0,13,0.9,0,0,0,7.3,45,FWD
35,Leon,Bailey,4,5,100,1964,32,452.8,339.6,540.0,6,242,132.8,8,0,4,0.7,55,MID
36,Emiliano,Buendía Stati,5,3,117,2404,34,559.9,441.6,582.0,8,370,158.5,11,0,0,1.1,60,MID
37,Matty,Cash,0,2,57,1817,29,178.3,303.0,67.0,3,311,54.9,4,0,4,6.7,45,DEF
38,Calum,Chambers,0,0,13,345,4,29.8,74.4,8.0,0,67,11.1,0,0,2,1.4,40,DEF
39,Philippe,Coutinho Correia,1,0,32,777,9,152.5,119.2,218.0,1,98,48.8,3,0,3,0.5,60,MID
40,Keinan,Davis,0,0,0,0,0,0.0,0.0,0.0,0,0,0.0,0,0,0,0.2,50,FWD
41,Leander,Dendoncker,0,0,37,897,14,96.1,143.4,64.0,0,163,30.6,4,0,0,0.1,50,MID
42,Diego Carlos,Santos Silva,0,0,4,205,3,13.2,24.8,32.0,0,20,7.0,0,0,0,0.5,45,DEF
43,Lucas,Digne,1,0,50,1492,25,305.5,277.6,97.0,4,234,68.1,3,0,5,1.2,45,DEF
44,Douglas Luiz,Soares de Paulo,6,7,142,2922,35,668.6,698.4,261.0,17,594,162.7,13,1,6,3.2,55,MID
45,Jhon,Durán,0,0,11,126,4,13.4,12.8,51.0,0,15,7.4,0,0,1,0.1,50,FWD
46,Kortney,Hause,0,0,0,0,0,0.0,0.0,0.0,0,0,0.0,0,0,0,0.2,40,DEF
47,Tim,Iroegbunam,0,0,0,0,0,0.0,0.0,0.0,0,0,0.0,0,0,0,0.1,45,MID
48,Boubacar,Kamara,0,1,44,1773,30,124.7,288.2,43.0,0,235,45.7,3,0,4,0.1,50,MID
49,Ezri,Konsa Ngoyo,0,0,110,3322,45,116.2,568.4,72.0,6,633,75.7,12,0,6,1.3,45,DEF
50,Emiliano,Martínez Romero,0,0,135,3139,38,23.0,835.2,0.0,15,678,85.7,11,0,7,8.1,50,GK
51,John,McGinn,1,5,90,2692,31,353.6,382.0,347.0,3,354,108.3,10,0,7,0.5,55,MID
52,Tyrone,Mings,1,3,130,3150,40,88.2,664.4,121.0,17,617,87.8,12,0,7,15.1,45,DEF
53,Robin,Olsen,0,0,10,280,8,0.0,83.2,0.0,1,62,8.2,1,0,0,0.9,40,GK
54,Jaden,Philogene-Bidace,0,0,0,0,0,0.0,0.0,0.0,0,0,0.0,0,0,0,0.1,45,MID
55,Jacob,Ramsey,6,8,135,2634,33,537.8,653.4,456.0,13,470,164.7,11,0,5,0.3,60,MID
56,Morgan,Sanson,0,0,2,10,1,0.5,4.2,0.0,0,6,0.4,0,0,0,0.0,45,MID
57,Viljami,Sinisalo,0,0,0,0,0,0.0,0.0,0.0,0,0,0.0,0,0,0,0.0,40,GK
58,Youri,Tielemans,3,3,86,2341,49,486.9,541.8,191.0,6,461,122.1,6,0,4,1.3,60,MID
59,Bertrand,Traoré,2,0,20,226,1,30.7,82.0,79.0,1,57,19.0,1,0,1,0.1,50,MID
60,Ollie,Watkins,15,8,175,3129,40,420.3,837.6,1308.0,25,550,256.7,13,0,4,24.1,80,FWD
61,Wesley,Moraes Ferreira da Silva,0,0,0,0,0,0.0,0.0,0.0,0,0,0.0,0,0,0,0.0,50,FWD
62,Pau,Torres,0,0,0,0,0,0.0,0.0,0.0,0,0,0.0,0,0,0,3.2,45,DEF
63,Moussa,Diaby,0,0,0,0,0,0.0,0.0,0.0,0,0,0.0,0,0,0,6.7,65,MID
64,Jaidon,Anthony,3,1,61,1241,29,209.3,308.6,263.0,4,193,78.1,2,0,2,0.2,50,MID
65,Philip,Billing,7,2,126,2766,54,401.1,637.4,445.0,14,475,148.4,9,0,5,0.9,55,MID
66,David,Brooks,0,0,5,170,4,28.8,17.6,42.0,0,7,8.7,0,0,1,0.1,50,MID
67,Ryan,Christie,1,2,64,1825,35,423.5,284.2,402.0,2,225,111.1,3,0,2,0.0,50,MID
68,Lewis,Cook,0,2,51,1712,39,352.5,313.0,45.0,1,280,71.2,3,0,4,0.0,50,MID
69,Siriki,Dembélé,0,0,6,104,2,52.3,31.8,28.0,0,20,11.3,0,0,0,0.0,45,MID
70,Ryan,Fredericks,0,0,12,527,11,26.7,66.0,12.0,0,63,10.6,0,0,1,0.1,45,DEF
71,James,Hill,0,0,0,0,0,0.0,0.0,0.0,0,0,0.0,0,0,0,0.3,40,DEF
72,Lloyd,Kelly,0,2,60,2040,38,114.0,419.8,26.0,5,372,56.3,5,0,3,0.0,45,DEF
73,Gavin,Kilkenny,0,0,0,0,0,0.0,0.0,0.0,0,0,0.0,0,0,0,0.1,45,MID
74,Justin,Kluivert,0,0,0,0,0,0.0,0.0,0.0,0,0,0.0,0,0,0,0.7,50,MID
75,Jamal,Lowe,0,0,2,11,0,0.3,0.2,0.0,0,6,0.1,0,0,0,0.0,50,MID
76,Emiliano,Marcondes,0,0,1,8,1,0.0,1.2,0.0,0,3,0.1,0,0,0,0.0,45,MID
77,Chris,Mepham,0,0,43,2197,52,54.4,556.4,134.0,6,369,74.4,5,0,7,0.1,45,DEF
78,Kieffer,Moore,4,0,57,1269,34,100.1,219.4,280.0,3,161,59.5,3,0,1,0.5,50,FWD
79,Norberto,Murara Neto,0,0,93,2385,39,0.0,727.6,0.0,9,510,72.8,6,0,4,0.8,45,GK
80,Dango,Ouattara,1,3,49,1239,23,262.5,280.8,283.0,4,163,82.5,1,0,1,0.1,50,MID
81,Ben,Pearson,0,0,9,282,10,6.4,21.0,9.0,0,32,3.7,1,0,1,0.0,45,MID
82,Darren,Randolph,0,0,0,0,0,0.0,0.0,0.0,0,0,0.0,0,0,0,0.6,40,GK
83,Joe,Rothwell,0,1,33,1010,15,153.3,127.4,27.0,0,167,30.6,3,0,1,0.0,50,MID
84,Antoine,Semenyo,1,0,18,250,6,26.5,50.0,32.0,1,56,10.7,0,0,0,1.4,45,FWD
85,Marcos,Senesi,2,0,69,2489,55,79.1,602.2,113.0,5,462,79.6,5,0,7,0.2,45,DEF
86,Adam,Smith,0,1,74,2940,58,276.9,416.6,88.0,5,400,78.3,7,0,11,0.1,45,DEF
87,Dominic,Solanke,6,10,130,2865,52,282.1,528.8,1053.0,14,339,185.7,8,0,2,3.0,65,FWD
88,Marcus,Tavernier,5,4,94,1740,37,348.4,459.8,436.0,12,315,124.2,5,0,1,0.1,55,MID
89,Hamed,Traorè,0,0,14,425,8,218.5,84.0,36.0,0,60,33.8,2,0,0,0.0,50,MID
90,Mark,Travers,0,0,28,1035,32,0.0,290.0,0.0,1,193,29.1,2,0,0,0.5,40,GK
91,Illia,Zabarnyi,0,0,7,297,5,1.4,58.0,0.0,0,54,5.8,0,0,0,0.1,45,DEF
92,Milos,Kerkez,0,0,0,0,0,0.0,0.0,0.0,0,0,0.0,0,0,0,0.2,45,DEF
93,Ionuț,Radu,0,0,0,0,0,0.0,0.0,0.0,0,0,0.0,0,0,0,0.1,45,GK
94,Kristoffer,Ajer,0,0,29,763,14,24.7,96.8,27.0,0,129,15.1,4,0,0,0.3,45,DEF
95,Ellery,Balcombe,0,0,0,0,0,0.0,0.0,0.0,0,0,0.0,0,0,0,0.3,40,GK
96,Shandon,Baptiste,0,2,29,600,6,144.5,112.8,54.0,0,123,31.2,1,1,1,4.5,45,MID
97,Mads,Bech Sørensen,0,0,4,18,0,0.2,2.6,0.0,0,12,0.2,0,0,0,0.2,40,DEF
98,Mads,Bidstrup,0,0,0,0,0,0.0,0.0,0.0,0,0,0.0,0,0,0,0.0,45,MID
99,Sergi,Canós Tenés,0,0,5,73,2,13.5,7.0,6.0,0,14,2.8,0,0,0,0.1,50,MID
100,Nathan,Collins,0,0,49,1811,37,38.9,437.0,36.0,6,326,51.5,4,1,2,0.3,45,DEF
101,Matthew,Cox,0,0,0,0,0,0.0,0.0,0.0,0,0,0.0,0,0,0,0.0,40,GK
102,Mikkel,Damsgaard,0,0,33,970,14,172.1,140.2,152.0,0,131,46.5,3,0,4,0.1,50,MID
103,Josh,Dasilva,4,2,81,1371,17,208.5,305.8,182.0,3,274,69.6,5,0,1,0.2,50,MID
104,Halil,Dervişoğlu,0,1,4,6,0,0.0,0.0,10.0,0,11,1.0,0,0,0,0.0,45,FWD
105,Mark,Flekken,0,0,0,0,0,0.0,0.0,0.0,0,0,0.0,0,0,0,2.1,45,GK
106,Charlie,Goode,0,0,0,0,0,0.0,0.0,0.0,0,0,0.0,0,0,0,0.2,40,DEF
107,Rico,Henry,0,3,112,3240,46,411.5,460.0,197.0,4,505,107.0,11,0,4,3.2,45,DEF
108,Aaron,Hickey,0,3,63,1918,30,120.7,227.4,102.0,2,310,45.1,5,0,7,0.4,45,DEF
109,Vitaly,Janelt,3,1,85,2201,28,258.8,411.2,243.0,5,357,91.3,8,0,3,0.1,55,MID
110,Mathias,Jensen,5,7,132,2805,40,787.9,644.0,208.0,11,498,164.1,10,0,5,1.0,55,MID
111,Keane,Lewis-Potter,0,1,14,313,4,64.0,42.0,114.0,0,37,21.9,0,0,0,0.0,50,MID
112,Bryan,Mbeumo,9,9,150,2905,39,808.6,692.6,895.0,19,556,239.5,10,0,5,10.9,65,MID
113,Ben,Mee,3,2,143,3269,40,103.1,780.6,336.0,11,643,122.2,12,0,2,7.5,50,DEF
114,Christian,Nørgaard,1,6,71,1763,23,173.7,379.2,269.0,6,309,82.3,6,0,6,0.2,55,MID
115,Frank,Onyeka,0,3,38,837,11,93.7,136.4,111.0,0,111,34.2,3,0,0,0.0,50,MID
116,Ethan,Pinnock,3,0,112,2700,34,110.1,840.8,319.0,6,575,127.2,10,0,0,2.2,45,DEF
117,David,Raya Martin,0,0,166,3420,46,20.1,1146.0,4.0,20,822,117.3,12,0,1,7.1,50,GK
118,Mads,Roerslev Rasmussen,0,0,48,1101,12,120.7,167.6,46.0,0,201,33.4,5,0,0,0.1,45,DEF
119,Kevin,Schade,0,1,29,723,7,115.5,74.4,209.0,0,76,39.8,3,0,2,0.1,55,MID
120,Thomas,Strakosha,0,0,0,0,0,0.0,0.0,0.0,0,0,0.0,0,0,0,0.5,40,GK
121,Ivan,Toney,20,4,182,2953,42,424.3,926.8,1240.0,35,607,258.7,10,0,9,0.2,80,FWD
122,Ryan,Trevitt,0,0,0,0,0,0.0,0.0,0.0,0,0,0.0,0,0,0,0.0,45,MID
123,Yoane,Wissa,7,4,111,1587,17,185.3,366.2,424.0,6,292,96.8,7,0,3,4.8,60,FWD
124,Yegor,Yarmolyuk,0,0,0,0,0,0.0,0.0,0.0,0,0,0.0,0,0,0,0.9,45,MID
125,Mathias,Jorgensen,0,1,45,1097,15,39.4,203.2,54.0,4,191,30.0,4,0,2,0.1,45,DEF
126,Simon,Adingra,0,0,0,0,0,0.0,0.0,0.0,0,0,0.0,0,0,0,0.3,50,MID
127,Steven,Alzate,0,0,0,0,0,0.0,0.0,0.0,0,0,0.0,0,0,0,0.2,45,MID
128,Yasin,Ayari,0,0,3,65,2,25.5,7.4,3.0,0,14,3.5,0,0,0,0.1,45,MID
129,Facundo,Buonanotte,1,1,26,558,12,100.9,90.0,102.0,2,72,28.5,1,0,2,0.1,50,MID
130,Moisés,Caicedo Corozo,1,1,79,3138,47,680.4,589.8,210.0,0,503,148.2,10,0,10,3.0,50,MID
131,Aaron,Connolly,0,0,0,0,0,0.0,0.0,0.0,0,0,0.0,0,0,0,0.2,45,FWD
132,Mahmoud,Dahoud,0,0,0,0,0,0.0,0.0,0.0,0,0,0.0,0,0,0,0.2,50,MID
133,Lewis,Dunk,1,1,112,3240,50,163.6,661.4,198.0,7,648,102.4,12,0,4,4.3,50,DEF
134,Julio,Enciso,4,3,57,794,12,177.5,262.8,399.0,7,189,83.8,4,0,1,6.0,55,MID
135,Pervis,Estupiñán,1,7,128,2674,43,757.9,575.2,297.0,15,593,162.5,10,0,4,52.4,50,DEF
136,Evan,Ferguson,6,2,65,942,12,150.4,286.2,361.0,8,213,79.9,6,0,1,8.4,60,FWD
137,Billy,Gilmour,0,1,21,502,8,56.5,67.6,33.0,0,105,15.8,2,0,1,0.1,50,MID
138,Pascal,Groß,9,8,159,3240,51,1227.5,918.6,582.0,14,748,273.2,11,0,7,4.9,65,MID
139,João Pedro,Junqueira de Jesus,0,0,0,0,0,0.0,0.0,0.0,0,0,0.0,0,0,0,16.0,55,FWD
140,Michał,Karbownik,0,0,0,0,0,0.0,0.0,0.0,0,0,0.0,0,0,0,0.1,40,DEF
141,Kacper,Kozłowski,0,0,0,0,0,0.0,0.0,0.0,0,0,0.0,0,0,0,0.0,45,MID
142,Adam,Lallana,2,1,47,717,10,186.7,144.2,152.0,4,146,48.5,5,0,0,0.1,50,MID
143,Tariq,Lamptey,0,0,23,439,7,87.2,70.6,48.0,0,91,20.6,1,0,1,8.4,40,DEF
144,Solly,March,6,10,147,2719,40,965.8,791.8,955.0,16,559,271.4,10,0,2,2.7,65,MID
145,Tom,McGill,0,0,0,0,0,0.0,0.0,0.0,0,0,0.0,0,0,0,0.2,40,GK
146,James,Milner,0,1,42,889,12,222.7,179.6,93.0,0,187,49.5,3,0,2,0.2,50,MID
147,Kaoru,Mitoma,7,9,138,2311,35,569.4,569.6,867.0,11,457,200.4,8,0,0,38.9,65,MID
148,Jakub,Moder,0,0,0,0,0,0.0,0.0,0.0,0,0,0.0,0,0,0,0.1,45,MID
149,Jeremy,Sarmiento Morante,0,2,16,168,2,38.2,46.6,50.0,0,40,12.9,1,0,1,0.1,45,MID
150,Kjell,Scherpen,0,0,0,0,0,0.0,0.0,0.0,0,0,0.0,0,0,0,0.0,40,GK
151,Jason,Steele,0,1,65,1350,23,13.0,377.6,0.0,8,332,39.1,6,0,1,6.5,45,GK
152,Deniz,Undav,5,2,52,614,9,124.0,196.4,372.0,4,173,69.1,2,0,2,0.2,55,FWD
153,Jan Paul,van Hecke,0,0,6,291,7,5.8,71.4,10.0,0,54,8.8,0,0,2,1.0,40,DEF
154,Joël,Veltman,1,1,95,2183,29,201.3,407.2,162.0,6,447,77.4,10,0,6,1.3,45,DEF
155,Bart,Verbruggen,0,0,0,0,0,0.0,0.0,0.0,0,0,0.0,0,0,0,0.7,45,GK
156,Adam,Webster,0,0,75,1983,27,104.3,361.8,126.0,3,405,59.2,9,0,2,0.5,45,DEF
157,Danny,Welbeck,6,5,91,1844,28,390.6,378.2,782.0,5,296,155.4,6,0,0,2.3,60,FWD
158,Andi,Zeqiri,0,0,0,0,0,0.0,0.0,0.0,0,0,0.0,0,0,0,1.1,45,FWD
159,Igor Julio,dos Santos de Paulo,0,0,0,0,0,0.0,0.0,0.0,0,0,0.0,0,0,0,0.2,45,DEF
160,Enock,Agyei,0,0,0,0,0,0.0,0.0,0.0,0,0,0.0,0,0,0,0.2,45,MID
161,Ameen,Al-Dakhil,0,0,0,0,0,0.0,0.0,0.0,0,0,0.0,0,0,0,0.6,40,DEF
162,Samuel,Bastien,0,0,0,0,0,0.0,0.0,0.0,0,0,0.0,0,0,0,0.0,50,MID
163,Manuel Benson,Hedilazio,0,0,0,0,0,0.0,0.0,0.0,0,0,0.0,0,0,0,0.3,55,MID
164,Jordan,Beyer,0,0,0,0,0,0.0,0.0,0.0,0,0,0.0,0,0,0,5.5,40,DEF
165,Josh,Brownhill,0,0,0,0,0,0.0,0.0,0.0,0,0,0.0,0,0,0,0.4,50,MID
166,Darko,Churlinov,0,0,0,0,0,0.0,0.0,0.0,0,0,0.0,0,0,0,0.1,45,MID
167,Jack,Cork,0,0,0,0,0,0.0,0.0,0.0,0,0,0.0,0,0,0,0.0,50,MID
168,Dara,Costelloe,0,0,0,0,0,0.0,0.0,0.0,0,0,0.0,0,0,0,0.0,45,MID
169,Josh,Cullen,0,0,0,0,0,0.0,0.0,0.0,0,0,0.0,0,0,0,0.1,50,MID
170,CJ,Egan-Riley,0,0,0,0,0,0.0,0.0,0.0,0,0,0.0,0,0,0,0.2,40,DEF
171,Hjalmar,Ekdal,0,0,0,0,0,0.0,0.0,0.0,0,0,0.0,0,0,0,0.3,40,DEF
172,Lyle,Foster,0,0,0,0,0,0.0,0.0,0.0,0,0,0.0,0,0,0,0.2,50,FWD
173,Denis,Franchi,0,0,0,0,0,0.0,0.0,0.0,0,0,0.0,0,0,0,0.2,40,GK
174,Jóhann Berg,Gudmundsson,0,0,0,0,0,0.0,0.0,0.0,0,0,0.0,0,0,0,0.1,50,MID
175,Luke,McNally,0,0,0,0,0,0.0,0.0,0.0,0,0,0.0,0,0,0,0.1,40,DEF
176,Arijanet,Muric,0,0,0,0,0,0.0,0.0,0.0,0,0,0.0,0,0,0,0.4,45,GK
177,Dara,O'Shea,0,0,0,0,0,0.0,0.0,0.0,0,0,0.0,0,0,0,0.2,45,DEF
178,Michael,Obafemi,0,0,0,0,0,0.0,0.0,0.0,0,0,0.0,0,0,0,0.1,50,FWD
179,Bailey,Peacock-Farrell,0,0,0,0,0,0.0,0.0,0.0,0,0,0.0,0,0,0,0.1,40,GK
180,Connor,Roberts,0,0,0,0,0,0.0,0.0,0.0,0,0,0.0,0,0,0,0.3,45,DEF
181,Jay,Rodriguez,0,0,0,0,0,0.0,0.0,0.0,0,0,0.0,0,0,0,0.2,55,FWD
182,Charlie,Taylor,0,0,0,0,0,0.0,0.0,0.0,0,0,0.0,0,0,0,1.1,40,DEF
183,Bobby,Thomas,0,0,0,0,0,0.0,0.0,0.0,0,0,0.0,0,0,0,0.1,40,DEF
184,Scott,Twine,0,0,0,0,0,0.0,0.0,0.0,0,0,0.0,0,0,0,0.0,50,MID
185,Lawrence,Vigouroux,0,0,0,0,0,0.0,0.0,0.0,0,0,0.0,0,0,0,0.3,40,GK
186,Victor,da Silva,0,0,0,0,0,0.0,0.0,0.0,0,0,0.0,0,0,0,0.2,45,DEF
187,Wout,Weghorst,0,1,24,790,11,183.7,97.6,144.0,0,56,42.4,4,0,1,0.6,55,FWD
188,Anass,Zaroury,0,0,0,0,0,0.0,0.0,0.0,0,0,0.0,0,0,0,0.2,50,MID
189,Zeki,Amdouni,0,0,0,0,0,0.0,0.0,0.0,0,0,0.0,0,0,0,0.1,55,FWD
190,James,Trafford,0,0,0,0,0,0.0,0.0,0.0,0,0,0.0,0,0,0,1.1,45,GK
191,Nathan,Redmond,0,0,1,1,0,0.0,0.0,0.0,0,3,0.0,0,0,0,0.1,50,MID
192,Luca,Koleosho,0,0,0,0,0,0.0,0.0,0.0,0,0,0.0,0,0,0,0.0,50,MID
193,Jacob,Bruun Larsen,0,0,0,0,0,0.0,0.0,0.0,0,0,0.0,0,0,0,0.0,50,MID
194,Robert,Sánchez,0,0,82,2070,30,0.1,439.0,0.0,10,380,43.9,6,0,2,3.6,45,GK
195,Ethan,Ampadu,0,0,0,0,0,0.0,0.0,0.0,0,0,0.0,0,0,0,0.0,40,DEF
196,Andrey,Nascimento dos Santos,0,0,0,0,0,0.0,0.0,0.0,0,0,0.0,0,0,0,0.2,45,MID
197,Kepa,Arrizabalaga,0,0,118,2565,33,0.1,733.4,0.0,15,575,73.3,9,0,1,1.4,50,GK
198,Pierre-Emerick,Aubameyang,1,0,25,546,8,59.4,55.0,177.0,3,61,28.5,1,0,1,0.1,65,FWD
199,César,Azpilicueta,0,0,45,1521,21,211.2,272.0,102.0,4,242,58.4,3,0,3,0.0,45,DEF
200,Abdul Rahman,Baba,0,0,0,0,0,0.0,0.0,0.0,0,0,0.0,0,0,0,0.0,40,DEF
201,Benoît,Badiashile,1,0,40,904,9,49.1,219.8,81.0,2,209,35.1,4,0,2,0.1,45,DEF
202,Marcus,Bettinelli,0,0,0,0,0,0.0,0.0,0.0,0,0,0.0,0,0,0,0.0,40,GK
203,Armando,Broja,1,1,21,285,5,18.2,64.6,113.0,0,56,19.7,1,0,0,0.1,50,FWD
204,Trevoh,Chalobah,0,0,49,1601,24,94.0,294.6,112.0,1,318,50.3,5,0,4,0.3,45,DEF
205,Ben,Chilwell,2,3,70,1402,19,382.6,283.4,178.0,4,302,84.2,4,0,3,12.3,55,DEF
206,Carney,Chukwuemeka,0,0,18,342,7,113.5,66.0,78.0,0,71,25.7,1,0,0,3.0,45,MID
207,Levi,Colwill,0,2,46,1218,21,101.9,236.2,50.0,6,249,38.9,3,0,1,3.2,45,DEF
208,Marc,Cucurella Saseta,0,2,65,1669,20,232.5,354.4,72.0,1,363,65.9,6,0,4,0.6,50,DEF
209,Enzo,Fernández,0,2,42,1547,25,334.3,315.8,74.0,1,265,72.6,3,0,3,3.7,50,MID
210,David Datro,Fofana,0,0,3,68,1,34.6,15.2,30.0,0,8,8.0,0,0,0,0.0,50,FWD
211,Wesley,Fofana,1,0,37,1362,24,59.6,294.6,86.0,4,244,44.4,2,0,4,0.1,45,DEF
212,Conor,Gallagher,3,1,66,1608,23,351.5,386.2,329.0,7,279,106.5,4,1,9,0.5,55,MID
213,Malo,Gusto,0,0,0,0,0,0.0,0.0,0.0,0,0,0.0,0,0,0,1.5,40,DEF
214,Lewis,Hall,0,0,19,653,11,225.8,134.4,127.0,3,118,48.8,1,0,1,0.2,45,DEF
215,Callum,Hudson-Odoi,0,0,0,0,0,0.0,0.0,0.0,0,0,0.0,0,0,0,0.1,50,MID
216,Reece,James,1,2,44,1242,17,358.2,292.2,153.0,5,286,80.4,2,0,4,15.3,55,DEF
217,Romelu,Lukaku Bolingoli,0,0,0,0,0,0.0,0.0,0.0,0,0,0.0,0,0,0,0.7,70,FWD
218,Noni,Madueke,1,0,26,639,13,170.8,153.8,224.0,2,105,55.0,0,0,0,0.2,55,MID
219,Mykhailo,Mudryk,0,2,25,650,10,146.4,100.8,140.0,0,73,38.2,0,0,1,3.1,65,MID
220,Nicolas,Jackson,0,0,0,0,0,0.0,0.0,0.0,0,0,0.0,0,0,0,15.1,70,FWD
221,Christopher,Nkunku,0,0,0,0,0,0.0,0.0,0.0,0,0,0.0,0,0,0,4.5,75,FWD
222,Christian,Pulisic,1,1,39,805,11,166.8,120.4,227.0,0,102,51.1,3,0,1,0.0,55,MID
223,Malang,Sarr,0,0,0,0,0,0.0,0.0,0.0,0,0,0.0,0,0,0,0.1,45,DEF
224,Gabriel,Słonina,0,0,0,0,0,0.0,0.0,0.0,0,0,0.0,0,0,0,0.1,40,GK
225,Raheem,Sterling,6,4,101,1886,27,495.4,399.6,647.0,9,274,153.9,5,0,4,2.1,70,MID
226,Thiago,Emiliano da Silva,0,2,80,2351,32,90.4,676.8,147.0,8,524,91.4,6,0,2,2.0,50,DEF
227,Hakim,Ziyech,0,3,33,649,7,230.9,155.4,113.0,0,129,49.0,2,0,1,0.2,55,MID
228,Ângelo Gabriel,Borges Damaceno,0,0,0,0,0,0.0,0.0,0.0,0,0,0.0,0,0,0,0.0,50,MID
229,Ian,Maatsen,0,0,0,0,0,0.0,0.0,0.0,0,0,0.0,0,0,0,0.1,55,MID
230,Axel,Disasi,0,0,0,0,0,0.0,0.0,0.0,0,0,0.0,0,0,0,0.2,50,DEF
231,Lesley,Ugochukwu,0,0,0,0,0,0.0,0.0,0.0,0,0,0.0,0,0,0,0.1,45,MID
232,Naouirou,Ahamada,0,0,7,87,2,13.2,7.4,14.0,0,20,3.0,0,0,1,0.3,45,MID
233,Joachim,Andersen,1,0,80,2782,37,163.4,658.8,273.0,1,483,109.8,8,0,8,0.8,45,DEF
234,Jordan,Ayew,4,3,104,2708,41,468.2,494.4,439.0,4,332,140.3,8,0,5,0.3,55,MID
235,Nathaniel,Clyne,0,0,44,1638,23,124.9,203.6,8.0,0,246,33.6,3,0,3,0.2,45,DEF
236,Cheick,Doucouré,0,3,74,2770,41,353.7,475.0,167.0,3,411,99.8,7,1,8,0.1,50,MID
237,Malcolm,Ebiowei,0,0,3,31,1,0.9,3.4,4.0,0,9,0.9,0,0,0,0.1,45,MID
238,Odsonne,Edouard,5,2,82,1788,25,238.7,351.6,552.0,5,225,113.2,5,0,3,1.9,55,FWD
239,Eberechi,Eze,10,5,159,2631,35,833.6,702.6,635.0,21,580,217.0,9,0,3,17.4,65,MID
240,Vicente,Guaita,0,0,99,2430,34,0.0,668.4,0.0,10,484,66.8,6,0,1,1.1,45,GK
241,Marc,Guéhi,1,0,95,3330,46,145.5,705.0,213.0,2,623,106.7,9,0,8,2.0,45,DEF
242,Will,Hughes,1,1,41,822,11,107.4,190.4,78.0,3,152,37.4,1,0,4,0.0,50,MID
243,Sam,Johnstone,0,0,36,810,10,0.0,177.4,0.0,5,159,17.8,3,0,1,1.8,45,GK
244,Jefferson,Lerma Solís,5,0,101,3252,67,296.4,619.2,312.0,5,500,122.7,7,0,7,0.4,50,MID
245,Jean-Philippe,Mateta,2,0,41,748,10,71.4,119.8,247.0,3,96,42.5,3,0,3,0.4,50,FWD
246,Remi,Matthews,0,0,0,0,0,0.0,0.0,0.0,0,0,0.0,0,0,0,0.2,40,GK
247,Tyrick,Mitchell,0,2,93,2889,40,260.3,485.0,141.0,7,476,89.0,8,1,5,0.3,45,DEF
248,Jake,O'Brien,0,0,0,0,0,0.0,0.0,0.0,0,0,0.0,0,0,0,0.2,40,DEF
249,Michael,Olise,2,11,132,2743,38,1115.0,652.4,484.0,15,517,225.6,8,0,2,0.2,60,MID
250,Luke,Plange,0,0,0,0,0,0.0,0.0,0.0,0,0,0.0,0,0,0,0.1,45,FWD
251,Chris,Richards,0,0,13,443,11,15.3,92.4,26.0,0,83,13.2,1,0,0,0.5,40,DEF
252,Jairo,Riedewald,0,0,6,60,0,2.6,9.8,4.0,0,19,1.5,0,0,0,0.1,45,MID
253,Jeffrey,Schlupp,3,2,89,2528,38,257.6,404.6,314.0,2,324,97.9,9,0,7,0.2,50,MID
254,James,Tomkins,1,0,8,335,10,1.1,90.0,54.0,1,50,14.6,0,1,1,0.9,40,DEF
255,Joel,Ward,1,0,78,2253,35,172.5,446.6,114.0,5,403,73.5,8,0,6,0.2,45,DEF
256,Joe,Whitworth,0,0,3,180,5,0.0,41.8,0.0,0,28,4.2,0,0,0,1.2,40,GK
257,Matheus,França de Oliveira,0,0,0,0,0,0.0,0.0,0.0,0,0,0.0,0,0,0,0.0,50,MID
258,André,Tavares Gomes,0,0,0,0,0,0.0,0.0,0.0,0,0,0.0,0,0,0,0.3,45,MID
259,Jarrad,Branthwaite,0,0,0,0,0,0.0,0.0,0.0,0,0,0.0,0,0,0,0.5,40,DEF
260,Dominic,Calvert-Lewin,2,1,40,1166,22,122.4,138.4,409.0,2,89,66.4,4,0,3,2.5,60,FWD
261,Seamus,Coleman,1,0,63,1654,25,108.7,297.8,95.0,5,314,50.4,5,0,1,0.2,45,DEF
262,Dele,Alli,0,0,2,38,1,2.2,0.6,6.0,0,5,0.9,0,0,0,0.1,50,MID
263,Abdoulaye,Doucouré,5,2,76,1527,27,284.1,360.4,255.0,10,263,89.7,4,1,6,0.3,55,MID
264,James,Garner,0,1,25,796,13,116.2,109.2,64.0,0,109,29.2,2,0,3,0.0,50,MID
265,Jean-Philippe,Gbamin,0,0,0,0,0,0.0,0.0,0.0,0,0,0.0,0,0,0,0.0,45,MID
266,Ben,Godfrey,0,1,18,801,18,42.3,146.8,46.0,0,101,23.6,1,0,2,0.2,45,DEF
267,Demarai,Gray,4,1,91,2501,39,614.7,410.8,707.0,4,284,173.2,7,0,3,0.4,55,MID
268,Idrissa,Gueye,0,1,66,2577,45,195.3,426.8,85.0,1,357,70.6,8,0,7,0.0,50,MID
269,Mason,Holgate,0,0,16,506,9,71.9,90.4,55.0,2,81,21.5,2,1,1,2.0,40,DEF
270,Alex,Iwobi,2,8,126,3379,56,946.0,693.4,373.0,9,563,201.3,9,0,2,0.9,55,MID
271,Michael,Keane,1,2,39,983,22,42.6,242.6,131.0,5,180,41.7,2,0,0,0.3,45,DEF
272,Neal,Maupay,1,0,41,1104,19,109.9,85.8,429.0,3,86,62.2,3,0,4,1.0,50,FWD
273,Dwight,McNeil,7,5,126,2490,46,771.4,718.8,464.0,14,505,195.8,5,0,5,0.3,55,MID
274,Vitalii,Mykolenko,0,1,75,2653,46,307.0,504.8,120.0,4,449,93.4,7,0,4,0.3,45,DEF
275,Amadou,Onana,1,3,77,2486,37,316.6,358.2,287.0,2,300,96.0,9,0,9,0.2,50,MID
276,Nathan,Patterson,0,0,31,1274,22,111.9,231.4,108.0,0,173,45.3,2,0,3,0.3,45,DEF
277,Jordan,Pickford,0,1,124,3330,57,23.0,997.8,0.0,10,666,102.0,8,0,6,13.6,45,GK
278,Ellis,Simms,1,0,17,219,4,39.6,40.8,54.0,0,59,13.0,0,0,0,0.1,45,FWD
279,James,Tarkowski,1,1,106,3420,57,185.6,1040.4,441.0,13,632,167.0,9,0,6,1.8,45,DEF
280,João,Neves Virgínia,0,0,0,0,0,0.0,0.0,0.0,0,0,0.0,0,0,0,0.5,40,GK
281,Andy,Lonergan,0,0,0,0,0,0.0,0.0,0.0,0,0,0.0,0,0,0,0.1,40,GK
282,Ashley,Young,1,0,87,2031,28,223.4,380.2,81.0,8,388,68.7,9,0,7,0.8,45,DEF
283,Arnaut,Danjuma Groeneveld,1,0,15,162,5,25.1,53.2,71.0,0,43,14.8,0,0,0,0.3,55,MID
284,Andreas,Hoelgebaum Pereira,4,10,123,2696,40,965.0,440.6,495.0,9,360,189.3,8,0,8,2.8,55,MID
285,Tom,Cairney,2,1,53,968,13,232.1,190.4,217.0,2,217,64.2,1,0,2,0.0,50,MID
286,Ivan,Neves Abreu Cavaleiro,0,0,0,0,0,0.0,0.0,0.0,0,0,0.0,0,0,0,0.0,50,MID
287,Bobby,De Cordova-Reid,4,1,90,2473,40,326.6,365.2,508.0,3,289,119.7,8,0,8,0.1,55,MID
288,Issa,Diop,1,0,79,2008,26,38.8,462.2,80.0,8,422,58.1,7,0,2,0.2,45,DEF
289,Tyrese,Francois,0,0,1,1,0,0.3,1.0,0.0,0,3,0.1,0,0,0,0.0,45,MID
290,Anthony,Knockaert,0,0,0,0,0,0.0,0.0,0.0,0,0,0.0,0,0,0,0.1,45,MID
291,Terence,Kongolo,0,0,0,0,0,0.0,0.0,0.0,0,0,0.0,0,0,0,0.2,40,DEF
292,Bernd,Leno,0,0,142,3240,51,10.0,1154.8,0.0,17,766,116.6,8,0,3,7.9,45,GK
293,Saša,Lukić,0,0,15,406,10,21.9,40.8,19.0,0,58,8.2,0,0,1,0.3,45,MID
294,Kevin,Mbabu,0,1,7,141,7,37.7,39.8,0.0,0,39,7.8,0,0,1,0.6,40,DEF
295,Aleksandar,Mitrović,14,2,107,2010,30,228.3,584.8,1171.0,14,324,197.1,7,0,7,4.1,75,FWD
296,Rodrigo,Muniz Carvalho,0,0,0,0,0,0.0,0.0,0.0,0,0,0.0,0,0,0,0.5,45,FWD
297,João,Palhinha Gonçalves,3,0,83,3108,43,142.8,570.2,338.0,5,379,105.5,9,0,14,0.3,50,MID
298,Tim,Ream,1,0,98,2898,44,65.2,604.2,76.0,12,560,74.8,8,0,2,0.5,45,DEF
299,Harrison,Reed,3,4,107,2868,44,507.3,484.4,266.0,9,409,125.8,9,0,5,1.2,50,MID
300,Antonee,Robinson,0,2,93,3088,44,427.4,573.2,61.0,5,558,106.3,9,0,8,0.7,45,DEF
301,Marek,Rodák,0,0,7,180,2,0.0,19.0,0.0,0,33,1.9,1,0,0,0.5,40,GK
302,Kenny,Tete,1,5,90,2569,36,391.4,670.2,145.0,1,484,120.9,7,0,8,0.7,45,DEF
303,Tosin,Adarabioyo,1,0,49,2084,39,90.1,514.4,128.0,1,353,73.4,3,0,4,0.1,45,DEF
304,Carlos Vinícius,Alves Morais,5,2,72,1098,20,118.6,244.0,374.0,10,206,73.1,1,0,3,4.7,50,FWD
305,Harry,Wilson,2,5,68,1085,15,184.1,215.2,178.0,2,215,57.7,2,0,1,0.2,55,MID
306,Raúl,Jiménez,0,2,29,839,18,117.1,74.6,277.0,0,65,46.7,2,0,0,1.2,55,FWD
307,Willian,Borges da Silva,5,7,116,2127,22,703.4,455.8,449.0,11,442,160.8,9,0,2,0.6,55,MID
308,Calvin,Bassey,0,0,0,0,0,0.0,0.0,0.0,0,0,0.0,0,0,0,0.4,45,DEF
309,Adrián,San Miguel del Castillo,0,0,0,0,0,0.0,0.0,0.0,0,0,0.0,0,0,0,0.3,40,GK
310,Trent,Alexander-Arnold,2,11,156,2922,44,1236.9,821.4,262.0,21,824,232.2,10,0,5,21.1,80,DEF
311,Alisson,Ramses Becker,0,1,162,3330,43,10.1,966.4,0.0,15,824,97.6,14,0,1,9.0,55,GK
312,Stefan,Bajcetic,1,0,22,522,4,61.7,90.2,77.0,0,85,22.8,3,0,2,0.1,50,MID
313,Darwin,Núñez Ribeiro,9,5,100,1684,22,336.9,458.2,1078.0,8,310,186.0,7,1,1,15.6,75,FWD
314,Diogo,Teixeira da Silva,7,4,80,1125,19,242.6,376.6,391.0,9,282,100.6,5,0,2,3.3,80,MID
315,Harvey,Elliott,1,2,62,1600,20,406.1,269.0,378.0,2,286,105.5,5,0,2,0.3,50,MID
316,Fabio Henrique,Tavares,0,2,70,2666,34,316.4,400.2,109.0,0,394,82.5,11,0,11,0.0,50,MID
317,Cody,Gakpo,7,3,90,1455,19,292.4,375.6,460.0,4,256,112.3,6,0,0,6.2,75,FWD
318,Joe,Gomez,0,0,68,1461,16,46.1,312.4,38.0,8,337,39.7,8,0,3,0.3,45,DEF
319,Jordan,Henderson,0,3,69,2060,30,525.8,315.2,185.0,0,401,103.0,8,0,2,0.0,50,MID
320,Curtis,Jones,3,1,52,1029,15,238.1,272.8,240.0,4,206,75.0,4,0,2,0.2,50,MID
321,Caoimhin,Kelleher,0,0,2,90,4,0.0,38.0,0.0,0,20,3.8,0,0,0,0.3,40,GK
322,Ibrahima,Konaté,0,0,49,1551,22,39.6,285.6,144.0,0,305,46.8,7,0,5,1.3,50,DEF
323,Luis,Díaz,4,2,62,991,11,200.6,245.4,404.0,7,166,85.0,4,0,2,6.0,75,MID
324,Alexis,Mac Allister,10,2,140,2882,45,746.4,750.8,714.0,18,567,221.3,10,0,8,13.3,60,MID
325,Joel,Matip,1,0,36,1091,20,61.9,232.8,102.0,4,216,39.6,3,0,3,0.3,50,DEF
326,Nathaniel,Phillips,0,0,3,65,1,1.4,15.4,18.0,0,17,3.4,0,0,0,0.3,40,DEF
327,Andrew,Robertson,0,8,121,2579,34,862.1,549.2,211.0,10,633,162.3,9,0,3,3.7,65,DEF
328,Mohamed,Salah,19,13,239,3290,45,899.2,1067.4,1688.0,23,651,365.6,13,0,2,24.5,125,MID
329,Dominik,Szoboszlai,0,0,0,0,0,0.0,0.0,0.0,0,0,0.0,0,0,0,4.6,70,MID
330,Thiago,Alcántara do Nascimento,0,0,30,1252,23,265.8,244.4,86.0,0,194,59.8,2,0,2,0.2,50,MID
331,Konstantinos,Tsimikas,0,4,48,762,11,298.3,183.2,124.0,2,216,60.7,4,0,3,0.2,45,DEF
332,Sepp,van den Berg,0,0,0,0,0,0.0,0.0,0.0,0,0,0.0,0,0,0,0.1,40,DEF
333,Virgil,van Dijk,3,1,127,2835,36,121.0,743.2,389.0,13,636,125.4,11,0,3,9.3,60,DEF
334,Marvelous,Nakamba,0,0,0,0,0,0.0,0.0,0.0,0,0,0.0,0,0,0,1.6,45,MID
335,Elijah,Adebayo,0,0,0,0,0,0.0,0.0,0.0,0,0,0.0,0,0,0,1.3,50,FWD
336,Mads Juel,Andersen,0,0,0,0,0,0.0,0.0,0.0,0,0,0.0,0,0,0,0.9,40,DEF
337,Amari'i,Bell,0,0,0,0,0,0.0,0.0,0.0,0,0,0.0,0,0,0,12.7,40,DEF
338,Luke,Berry,0,0,0,0,0,0.0,0.0,0.0,0,0,0.0,0,0,0,0.1,50,MID
339,Reece,Burke,0,0,0,0,0,0.0,0.0,0.0,0,0,0.0,0,0,0,0.1,40,DEF
340,Allan,Campbell,0,0,0,0,0,0.0,0.0,0.0,0,0,0.0,0,0,0,0.1,50,MID
341,Jordan,Clark,0,0,0,0,0,0.0,0.0,0.0,0,0,0.0,0,0,0,0.0,50,MID
342,Alfie,Doughty,0,0,0,0,0,0.0,0.0,0.0,0,0,0.0,0,0,0,0.2,45,DEF
343,Luke,Freeman,0,0,0,0,0,0.0,0.0,0.0,0,0,0.0,0,0,0,0.0,50,MID
344,Matt,Macey,0,0,0,0,0,0.0,0.0,0.0,0,0,0.0,0,0,0,0.9,40,GK
345,John,McAtee,0,0,0,0,0,0.0,0.0,0.0,0,0,0.0,0,0,0,3.9,45,FWD
346,Carlos,Mendes Gomes,0,0,0,0,0,0.0,0.0,0.0,0,0,0.0,0,0,0,0.1,45,MID
347,Carlton,Morris,0,0,0,0,0,0.0,0.0,0.0,0,0,0.0,0,0,0,1.5,55,FWD
348,Admiral,Muskwe,0,0,0,0,0,0.0,0.0,0.0,0,0,0.0,0,0,0,0.3,45,FWD
349,Chiedozie,Ogbene,0,0,0,0,0,0.0,0.0,0.0,0,0,0.0,0,0,0,0.2,50,FWD
350,Fred,Onyedinma,0,0,0,0,0,0.0,0.0,0.0,0,0,0.0,0,0,0,0.0,50,MID
351,Gabriel,Osho,0,0,0,0,0,0.0,0.0,0.0,0,0,0.0,0,0,0,0.1,45,DEF
352,Aribim,Pepple,0,0,0,0,0,0.0,0.0,0.0,0,0,0.0,0,0,0,0.3,45,FWD
353,Dion,Pereira,0,0,0,0,0,0.0,0.0,0.0,0,0,0.0,0,0,0,0.3,45,MID
354,Dan,Potts,0,0,0,0,0,0.0,0.0,0.0,0,0,0.0,0,0,0,0.2,40,DEF
355,Glen,Rea,0,0,0,0,0,0.0,0.0,0.0,0,0,0.0,0,0,0,0.1,45,MID
356,James,Shea,0,0,0,0,0,0.0,0.0,0.0,0,0,0.0,0,0,0,0.3,45,GK
357,Joe,Taylor,0,0,0,0,0,0.0,0.0,0.0,0,0,0.0,0,0,0,0.6,45,FWD
358,Elliot,Thorpe,0,0,0,0,0,0.0,0.0,0.0,0,0,0.0,0,0,0,0.0,45,MID
359,Jack,Walton,0,0,0,0,0,0.0,0.0,0.0,0,0,0.0,0,0,0,0.0,40,GK
360,Louie,Watson,0,0,0,0,0,0.0,0.0,0.0,0,0,0.0,0,0,0,0.4,45,MID
361,Cauley,Woodrow,0,0,0,0,0,0.0,0.0,0.0,0,0,0.0,0,0,0,0.8,45,FWD
362,Ryan,Giles,0,0,0,0,0,0.0,0.0,0.0,0,0,0.0,0,0,0,0.2,45,DEF
363,Tom,Lockyer,0,0,0,0,0,0.0,0.0,0.0,0,0,0.0,0,0,0,0.2,45,DEF
364,Pelly Ruddock,Mpanzu,0,0,0,0,0,0.0,0.0,0.0,0,0,0.0,0,0,0,0.1,50,MID
365,Tahith,Chong,0,0,0,0,0,0.0,0.0,0.0,0,0,0.0,0,0,0,0.2,50,MID
366,Issa,Kaboré,0,0,0,0,0,0.0,0.0,0.0,0,0,0.0,0,0,0,5.8,40,DEF
367,Thomas,Kaminski,0,0,0,0,0,0.0,0.0,0.0,0,0,0.0,0,0,0,0.1,45,GK
368,Manuel,Akanji,0,1,82,2284,23,146.5,385.6,180.0,5,460,71.4,7,0,2,4.5,50,DEF
369,Nathan,Aké,1,0,92,1871,15,175.9,405.2,150.0,9,419,73.3,9,0,2,3.3,50,DEF
370,Julián,Álvarez,9,3,103,1448,16,286.5,434.2,569.0,14,393,129.0,5,0,0,3.9,65,FWD
371,Bernardo,Veiga de Carvalho e Silva,4,6,106,2196,24,515.0,492.0,424.0,9,427,143.1,7,0,5,4.5,65,MID
372,Oscar,Bobb,0,0,0,0,0,0.0,0.0,0.0,0,0,0.0,0,0,0,0.0,45,MID
373,João,Cancelo,2,2,73,1273,16,266.4,277.0,276.0,10,304,81.2,6,1,3,4.6,60,DEF
374,Scott,Carson,0,0,0,0,0,0.0,0.0,0.0,0,0,0.0,0,0,0,0.1,40,GK
375,Shea,Charles,0,0,1,27,1,0.9,13.8,0.0,0,3,1.5,0,0,0,0.0,45,MID
376,Kevin,De Bruyne,7,18,183,2413,23,1476.7,897.8,598.0,26,742,297.6,10,0,1,14.7,105,MID
377,Rúben,Gato Alves Dias,0,0,80,1997,16,83.7,416.8,124.0,1,432,62.5,9,0,3,7.3,55,DEF
378,Tommy,Doyle,0,0,0,0,0,0.0,0.0,0.0,0,0,0.0,0,0,0,0.0,45,MID
379,Ederson,Santana de Moraes,0,1,121,3150,32,13.1,508.4,0.0,8,581,52.1,11,0,3,14.3,55,GK
380,Phil,Foden,11,7,142,1832,16,707.4,684.8,717.0,15,517,210.9,5,0,1,9.4,75,MID
381,Jack,Grealish,5,10,121,2051,16,721.3,515.8,683.0,9,490,191.7,10,0,4,6.6,75,MID
382,Erling,Haaland,36,9,272,2767,26,371.0,1390.0,1825.0,40,1040,358.1,13,0,5,86.7,140,FWD
383,Mateo,Kovačić,1,2,53,1699,25,365.8,295.8,114.0,2,289,77.9,4,0,8,1.3,50,MID
384,Aymeric,Laporte,0,0,40,992,10,111.2,183.0,73.0,3,210,36.6,4,0,0,0.5,50,DEF
385,Rico,Lewis,0,0,29,900,8,189.3,129.4,44.0,0,168,36.3,2,0,1,0.3,45,DEF
386,Riyad,Mahrez,5,12,126,1913,23,803.1,540.0,524.0,11,470,186.5,6,0,2,0.3,75,MID
387,James,McAtee,0,0,0,0,0,0.0,0.0,0.0,0,0,0.0,0,0,0,0.1,45,MID
388,Stefan,Ortega Moreno,0,0,23,270,1,0.0,116.8,0.0,5,90,11.7,2,0,0,0.8,40,GK
389,Cole,Palmer,0,1,19,358,4,88.7,73.0,155.0,0,76,31.9,1,0,1,0.2,50,MID
390,Máximo,Perrone,0,0,1,18,1,2.6,1.0,4.0,0,4,0.8,0,0,0,0.0,45,MID
391,Kalvin,Phillips,0,0,14,291,3,54.4,50.0,22.0,0,68,12.7,1,0,1,0.1,50,MID
392,Rodrigo,Hernandez,2,6,108,2911,26,555.9,716.0,493.0,7,606,176.9,11,0,5,2.4,55,MID
393,Sergio,Gómez,0,1,21,340,6,80.5,76.2,30.0,1,83,18.7,1,0,0,1.1,40,DEF
394,Zack,Steffen,0,0,0,0,0,0.0,0.0,0.0,0,0,0.0,0,0,0,0.2,40,GK
395,John,Stones,2,2,93,1844,17,164.1,396.0,135.0,13,422,69.6,7,0,2,29.7,55,DEF
396,Kyle,Walker,0,0,69,1953,20,199.4,236.8,42.0,0,376,47.7,7,0,3,2.7,50,DEF
397,Joško,Gvardiol,0,0,0,0,0,0.0,0.0,0.0,0,0,0.0,0,0,0,2.3,50,DEF
398,Mason,Mount,3,4,82,1644,21,463.1,331.4,376.0,8,277,117.2,8,0,4,4.5,70,MID
399,Alex,Telles,0,0,0,0,0,0.0,0.0,0.0,0,0,0.0,0,0,0,0.0,45,DEF
400,Amad,Diallo,0,0,0,0,0,0.0,0.0,0.0,0,0,0.0,0,0,0,0.1,45,MID
401,Antony Matheus,dos Santos,4,2,82,1803,21,421.0,322.0,633.0,4,262,137.1,12,0,5,1.6,70,MID
402,Bruno,Borges Fernandes,8,9,176,3317,39,1603.7,1004.2,982.0,23,748,359.3,18,0,6,26.9,85,MID
403,Brandon,Williams,0,0,0,0,0,0.0,0.0,0.0,0,0,0.0,0,0,0,0.2,40,DEF
404,Eric,Bailly,0,0,0,0,0,0.0,0.0,0.0,0,0,0.0,0,0,0,0.2,40,DEF
405,Carlos Henrique,Casimiro,4,3,87,2122,22,418.8,644.0,299.0,10,389,136.3,10,2,7,4.4,55,MID
406,Diogo,Dalot Teixeira,1,2,102,2152,34,421.4,483.8,283.0,19,502,118.8,10,0,6,2.1,50,DEF
407,Christian,Eriksen,1,9,103,2046,25,575.2,425.4,344.0,8,426,134.4,13,0,3,0.5,60,MID
408,Álvaro,Fernández Carreras,0,0,0,0,0,0.0,0.0,0.0,0,0,0.0,0,0,0,0.3,40,DEF
409,Frederico,Rodrigues de Paula Santos,2,3,62,1228,22,393.7,316.2,225.0,2,272,93.4,4,0,6,0.2,50,MID
410,Alejandro,Garnacho,3,2,39,557,13,61.7,157.6,287.0,0,81,50.7,0,0,3,2.8,50,MID
411,Hannibal,Mejbri,0,0,0,0,0,0.0,0.0,0.0,0,0,0.0,0,0,0,0.1,45,MID
412,Tom,Heaton,0,0,0,0,0,0.0,0.0,0.0,0,0,0.0,0,0,0,0.2,40,GK
413,Dean,Henderson,0,0,82,1620,31,0.0,474.4,0.0,12,367,47.5,6,0,2,0.7,45,GK
414,Victor,Lindelöf,0,0,57,1359,16,54.7,280.4,19.0,3,327,35.6,6,0,1,0.2,45,DEF
415,Harry,Maguire,0,0,39,762,7,20.8,193.0,55.0,2,201,26.9,5,0,4,0.5,45,DEF
416,Kobbie,Mainoo,0,0,1,10,0,0.8,5.8,6.0,0,2,1.3,0,0,0,0.1,45,MID
417,Tyrell,Malacia,0,0,62,1391,14,148.8,223.6,79.0,8,287,45.3,7,0,6,0.1,45,DEF
418,Anthony,Martial,6,3,66,970,8,179.5,305.6,376.0,4,230,85.5,7,0,0,0.4,65,FWD
419,Lisandro,Martínez,1,0,81,2113,33,110.4,571.8,82.0,6,481,76.7,9,0,6,6.8,50,DEF
420,Scott,McTominay,1,0,36,1149,20,123.2,247.0,156.0,2,146,52.2,4,0,8,0.1,50,MID
421,Teden,Mengi,0,0,0,0,0,0.0,0.0,0.0,0,0,0.0,0,0,0,0.1,40,DEF
422,Facundo,Pellistri Rebollo,0,0,4,60,1,1.8,7.4,2.0,0,14,1.0,0,0,0,0.1,45,MID
423,Raphaël,Varane,0,0,77,1912,22,74.0,387.0,124.0,2,392,58.8,10,0,1,1.8,50,DEF
424,Marcus,Rashford,17,7,205,2880,39,462.5,892.2,1466.0,21,530,282.2,13,0,2,46.7,90,MID
425,Jadon,Sancho,6,3,105,1683,18,571.6,433.8,426.0,8,375,143.2,13,0,0,1.3,70,MID
426,Luke,Shaw,1,4,124,2552,35,547.7,572.8,118.0,20,626,124.2,12,0,8,27.0,55,DEF
427,Shola,Shoretire,0,0,0,0,0,0.0,0.0,0.0,0,0,0.0,0,0,0,0.2,45,FWD
428,Donny,van de Beek,0,0,8,162,3,40.2,11.2,54.0,0,21,10.5,0,0,0,0.1,50,MID
429,Aaron,Wan-Bissaka,0,0,67,1432,10,221.9,290.4,143.0,3,308,65.5,8,0,2,1.6,45,DEF
430,André,Onana,0,0,0,0,0,0.0,0.0,0.0,0,0,0.0,0,0,0,26.0,50,GK
431,Rasmus,Højlund,0,0,0,0,0,0.0,0.0,0.0,0,0,0.0,0,0,0,1.3,70,FWD
432,Miguel,Almirón Rejala,11,4,158,2487,22,426.4,611.8,892.0,15,511,193.3,15,0,2,8.3,65,MID
433,Elliot,Anderson,0,1,30,395,7,129.9,98.8,186.0,2,93,41.5,1,0,0,6.9,45,MID
434,Harrison,Ashby,0,0,0,0,0,0.0,0.0,0.0,0,0,0.0,0,0,0,0.1,40,DEF
435,Sven,Botman,0,2,129,3127,30,120.3,583.0,303.0,8,666,101.0,13,0,2,21.1,45,DEF
436,Bruno,Guimarães Rodriguez Moura,4,5,107,2727,25,646.1,630.8,286.0,5,438,156.6,12,0,7,3.5,60,MID
437,Dan,Burn,1,0,129,3109,30,230.4,555.0,265.0,6,584,105.3,14,0,5,3.6,45,DEF
438,Karl,Darlow,0,0,0,0,0,0.0,0.0,0.0,0,0,0.0,0,0,0,0.0,40,GK
439,Martin,Dubravka,0,0,11,156,1,0.0,54.0,0.0,1,49,5.4,1,0,0,1.2,40,GK
440,Ryan,Fraser,0,0,11,308,3,74.0,26.8,70.0,0,39,17.2,1,0,1,0.1,50,MID
441,Mark,Gillespie,0,0,0,0,0,0.0,0.0,0.0,0,0,0.0,0,0,0,0.1,40,GK
442,Anthony,Gordon,4,0,68,1574,18,226.6,311.2,550.0,5,186,108.8,4,0,7,0.5,55,MID
443,Isaac,Hayden,0,0,0,0,0,0.0,0.0,0.0,0,0,0.0,0,0,0,0.1,45,MID
444,Jeff,Hendrick,0,0,0,0,0,0.0,0.0,0.0,0,0,0.0,0,0,0,0.1,45,MID
445,Alexander,Isak,10,2,100,1520,20,246.1,483.4,724.0,18,353,145.2,4,0,3,15.6,75,FWD
446,Joelinton Cássio,Apolinário de Lira,6,5,115,2660,26,413.1,603.4,655.0,10,458,167.3,11,0,12,1.2,60,MID
447,Emil,Krafth,0,0,1,1,0,0.0,0.0,0.0,0,3,0.0,0,0,0,0.1,45,DEF
448,Garang,Kuol,0,0,0,0,0,0.0,0.0,0.0,0,0,0.0,0,0,0,0.0,45,MID
449,Jamaal,Lascelles,0,0,3,214,5,0.9,42.6,13.0,0,22,5.4,0,0,4,0.4,40,DEF
450,Jamal,Lewis,0,0,2,9,1,1.0,1.0,4.0,0,6,0.6,0,0,0,0.0,40,DEF
451,Sean,Longstaff,1,5,93,2514,18,372.0,385.2,408.0,2,347,116.8,13,0,2,0.2,50,MID
452,Javier,Manquillo Gaitán,0,0,4,34,1,5.5,12.0,2.0,0,19,2.0,0,0,0,0.1,40,DEF
453,Jacob,Murphy,4,2,78,1230,12,302.5,275.0,410.0,2,240,98.9,3,0,0,0.2,50,MID
454,Nick,Pope,0,0,157,3261,32,20.0,709.6,0.0,14,678,72.9,14,1,3,12.2,55,GK
455,Matt,Ritchie,0,0,7,35,0,17.2,8.8,2.0,0,24,2.8,0,0,0,0.2,45,MID
456,Allan,Saint-Maximin,1,6,66,1109,14,397.4,284.8,381.0,4,240,106.5,4,0,1,0.2,60,MID
457,Fabian,Schär,1,3,139,3207,28,264.7,680.8,523.0,6,617,147.1,15,0,7,3.0,50,DEF
458,Matt,Targett,0,0,35,600,6,142.4,112.4,8.0,2,157,26.3,3,0,1,0.2,45,DEF
459,Sandro,Tonali,0,0,0,0,0,0.0,0.0,0.0,0,0,0.0,0,0,0,1.8,55,MID
460,Kieran,Trippier,1,9,198,3342,31,1824.0,908.2,123.0,39,941,285.8,16,0,5,34.4,65,DEF
461,Kell,Watts,0,0,0,0,0,0.0,0.0,0.0,0,0,0.0,0,0,0,0.3,40,DEF
462,Joe,Willock,3,7,123,2556,26,547.0,520.8,680.0,11,415,174.9,12,0,1,0.6,55,MID
463,Callum,Wilson,18,6,157,1870,16,271.3,722.2,1022.0,20,526,200.9,10,0,4,9.8,80,FWD
464,Loris,Karius,0,0,0,0,0,0.0,0.0,0.0,0,0,0.0,0,0,0,0.2,40,GK
465,Paul,Dummett,0,0,0,0,0,0.0,0.0,0.0,0,0,0.0,0,0,0,0.2,40,DEF
466,Harvey,Barnes,13,2,138,2709,51,322.9,612.8,942.0,0,379,187.7,6,0,3,2.6,65,MID
467,Anthony,Elanga,0,1,23,417,2,78.8,52.4,162.0,0,53,28.7,2,0,0,0.6,50,MID
468,Brandon,Aguilera Zamora,0,0,0,0,0,0.0,0.0,0.0,0,0,0.0,0,0,0,0.0,45,MID
469,Harry,Arter,0,0,0,0,0,0.0,0.0,0.0,0,0,0.0,0,0,0,0.1,45,MID
470,Serge,Aurier,1,0,70,1943,31,168.9,437.6,117.0,8,336,72.5,6,0,2,0.4,45,DEF
471,Taiwo,Awoniyi,10,1,100,1395,29,140.1,416.2,405.0,16,320,95.6,5,0,2,0.8,65,FWD
472,Giulian,Biancone,0,0,2,15,1,0.0,6.8,0.0,0,9,0.7,0,0,0,0.2,40,DEF
473,Willy,Boly,0,1,37,684,10,11.8,155.0,41.0,7,147,21.0,3,0,2,0.1,45,DEF
474,Josh,Bowler,0,0,0,0,0,0.0,0.0,0.0,0,0,0.0,0,0,0,0.0,45,MID
475,Steve,Cook,0,0,20,956,21,39.3,177.4,28.0,0,149,24.4,2,0,4,0.1,45,DEF
476,Danilo,dos Santos de Oliveira,3,2,48,976,18,108.1,253.8,113.0,5,178,47.1,1,0,1,0.2,55,MID
477,Emmanuel,Dennis,2,2,39,709,17,97.6,169.6,293.0,3,113,55.7,1,0,3,0.7,50,FWD
478,Mohamed,Dräger,0,0,0,0,0,0.0,0.0,0.0,0,0,0.0,0,0,0,0.2,40,DEF
479,Felipe Augusto,de Almeida Monteiro,0,1,25,1417,32,79.5,379.0,130.0,3,233,59.0,1,0,4,0.1,45,DEF
480,Remo,Freuler,0,0,54,2157,47,174.7,272.2,54.0,0,267,50.3,6,0,4,0.0,50,MID
481,Morgan,Gibbs-White,5,12,145,3151,61,980.2,611.4,628.0,11,479,221.8,8,0,6,3.0,60,MID
482,Wayne,Hennessey,0,0,8,271,5,0.0,77.4,0.0,0,46,7.8,0,0,0,0.7,40,GK
483,Ethan,Horvath,0,0,0,0,0,0.0,0.0,0.0,0,0,0.0,0,0,0,0.2,45,GK
484,Brennan,Johnson,8,5,122,2930,54,374.4,480.6,733.0,15,384,158.1,7,0,6,0.7,60,MID
485,Cheikhou,Kouyaté,1,0,35,871,23,83.1,162.4,81.0,2,144,32.6,2,0,3,0.0,50,MID
486,Richie,Laryea,0,0,0,0,0,0.0,0.0,0.0,0,0,0.0,0,0,0,0.0,45,DEF
487,Orel,Mangala,1,1,50,1543,24,62.0,199.4,75.0,0,190,33.6,5,0,3,0.0,50,MID
488,Loïc,Mbe Soh,0,0,0,0,0,0.0,0.0,0.0,0,0,0.0,0,0,0,0.1,40,DEF
489,Scott,McKenna,0,0,40,1570,32,93.9,278.8,46.0,0,275,41.8,5,0,4,0.1,45,DEF
490,Alex,Mighten,0,0,1,7,0,0.3,0.0,0.0,0,1,0.0,0,0,0,0.0,45,MID
491,Moussa,Niakhaté,0,0,25,1163,22,15.6,183.4,61.0,0,141,26.0,2,0,1,0.1,45,DEF
492,Lewis,O'Brien,1,0,22,578,14,56.4,107.8,47.0,0,88,21.1,1,0,2,0.0,50,MID
493,Braian,Ojeda Rodríguez,0,0,0,0,0,0.0,0.0,0.0,0,0,0.0,0,0,0,0.0,45,MID
494,Jonathan,Panzo,0,0,0,0,0,0.0,0.0,0.0,0,0,0.0,0,0,0,0.2,40,DEF
495,Omar,Richards,0,0,0,0,0,0.0,0.0,0.0,0,0,0.0,0,0,0,0.1,45,DEF
496,Gustavo Henrique,Furtado Scarpa,0,0,5,177,1,17.3,15.0,25.0,0,16,5.7,0,0,1,0.1,45,MID
497,Jonjo,Shelvey,0,0,16,573,11,102.1,55.6,11.0,0,67,16.3,1,0,2,0.0,50,MID
498,Sam,Surridge,1,0,26,306,5,16.2,61.4,92.0,3,61,15.9,0,0,2,1.2,45,FWD
499,Harry,Toffolo,0,0,30,933,17,93.6,153.0,67.0,1,134,31.2,2,0,2,0.1,45,DEF
500,Hwang,Ui-jo,0,0,0,0,0,0.0,0.0,0.0,0,0,0.0,0,0,0,0.8,45,FWD
501,Neco,Williams,1,1,54,1872,41,257.3,372.2,209.0,1,284,84.0,4,0,7,0.3,45,DEF
502,Chris,Wood,3,0,53,807,9,82.1,145.2,169.0,7,163,39.3,4,0,0,0.6,50,FWD
503,Joe,Worrall,1,0,61,2215,44,66.6,502.2,111.0,2,366,67.5,5,0,6,0.1,45,DEF
504,Ryan,Yates,0,3,53,1833,36,103.3,215.0,233.0,0,177,54.5,5,0,5,0.0,50,MID
505,Olu,Aina,0,0,0,0,0,0.0,0.0,0.0,0,0,0.0,0,0,0,0.1,45,DEF
506,Auston,Trusty,0,0,0,0,0,0.0,0.0,0.0,0,0,0.0,0,0,0,0.9,40,DEF
507,Anel,Ahmedhodžić,0,0,0,0,0,0.0,0.0,0.0,0,0,0.0,0,0,0,0.6,45,DEF
508,Jordan,Amissah,0,0,0,0,0,0.0,0.0,0.0,0,0,0.0,0,0,0,0.4,40,GK
509,George,Baldock,0,0,0,0,0,0.0,0.0,0.0,0,0,0.0,0,0,0,11.9,40,DEF
510,Chris,Basham,0,0,0,0,0,0.0,0.0,0.0,0,0,0.0,0,0,0,0.5,40,DEF
511,Sander,Berge,0,0,0,0,0,0.0,0.0,0.0,0,0,0.0,0,0,0,0.2,50,MID
512,Jayden,Bogle,0,0,0,0,0,0.0,0.0,0.0,0,0,0.0,0,0,0,0.1,45,DEF
513,Rhian,Brewster,0,0,0,0,0,0.0,0.0,0.0,0,0,0.0,0,0,0,0.2,50,FWD
514,Ismaila,Coulibaly,0,0,0,0,0,0.0,0.0,0.0,0,0,0.0,0,0,0,0.1,45,MID
515,Adam,Davies,0,0,0,0,0,0.0,0.0,0.0,0,0,0.0,0,0,0,0.2,40,GK
516,John,Egan,0,0,0,0,0,0.0,0.0,0.0,0,0,0.0,0,0,0,0.2,45,DEF
517,John,Fleck,0,0,0,0,0,0.0,0.0,0.0,0,0,0.0,0,0,0,0.0,50,MID
518,Wes,Foderingham,0,0,0,0,0,0.0,0.0,0.0,0,0,0.0,0,0,0,0.3,45,GK
519,Daniel,Jebbison,0,0,0,0,0,0.0,0.0,0.0,0,0,0.0,0,0,0,0.0,50,FWD
520,Max,Lowe,0,0,0,0,0,0.0,0.0,0.0,0,0,0.0,0,0,0,0.1,45,DEF
521,Oliver,McBurnie,0,0,0,0,0,0.0,0.0,0.0,0,0,0.0,0,0,0,0.1,55,FWD
522,Iliman,Ndiaye,0,0,0,0,0,0.0,0.0,0.0,0,0,0.0,0,0,0,0.1,55,FWD
523,Rhys,Norrington-Davies,0,0,0,0,0,0.0,0.0,0.0,0,0,0.0,0,0,0,0.2,40,DEF
524,Oliver,Norwood,0,0,0,0,0,0.0,0.0,0.0,0,0,0.0,0,0,0,0.0,50,MID
525,Ben,Osborn,0,0,0,0,0,0.0,0.0,0.0,0,0,0.0,0,0,0,0.0,50,MID
526,William,Osula,0,0,0,0,0,0.0,0.0,0.0,0,0,0.0,0,0,0,0.8,45,FWD
527,Jack,Robinson,0,0,0,0,0,0.0,0.0,0.0,0,0,0.0,0,0,0,0.1,45,DEF
528,Anis,Slimane,0,0,0,0,0,0.0,0.0,0.0,0,0,0.0,0,0,0,0.1,50,MID
529,Yasser,Larouci,0,0,0,0,0,0.0,0.0,0.0,0,0,0.0,0,0,0,0.1,45,DEF
530,Bénie,Traoré,0,0,0,0,0,0.0,0.0,0.0,0,0,0.0,0,0,0,0.1,55,FWD
531,Brandon,Austin,0,0,0,0,0,0.0,0.0,0.0,0,0,0.0,0,0,0,0.2,40,GK
532,Rodrigo,Bentancur,5,2,71,1501,24,180.2,489.6,236.0,7,342,90.7,6,0,8,0.0,55,MID
533,Yves,Bissouma,0,0,27,998,20,137.0,129.8,24.0,0,176,29.0,1,0,6,0.2,50,MID
534,Bryan,Gil Salvatierra,0,1,9,146,1,27.5,30.4,27.0,0,22,8.5,1,0,1,0.0,50,MID
535,Ben,Davies,2,3,99,2284,33,291.8,434.0,172.0,3,470,89.9,9,0,4,0.9,45,DEF
536,Eric,Dier,2,1,96,2816,52,112.3,653.2,235.0,5,569,100.1,9,0,3,1.2,45,DEF
537,Emerson,Leite de Souza Junior,2,2,86,1729,27,181.6,403.6,234.0,9,402,82.1,7,1,2,0.6,45,DEF
538,Fraser,Forster,0,0,40,1215,24,0.0,267.8,0.0,1,222,26.9,3,0,1,5.7,40,GK
539,Pierre-Emile,Højbjerg,4,5,120,3131,57,501.7,758.0,237.0,10,629,150.0,10,0,5,0.6,55,MID
540,Harry,Kane,30,9,263,3406,62,759.6,1342.0,1760.0,48,1008,386.3,11,0,6,14.2,125,FWD
541,Dejan,Kulusevski,2,7,96,2062,40,639.4,410.8,514.0,5,310,156.0,8,0,2,1.8,70,MID
542,Hugo,Lloris,0,0,89,2205,39,0.0,540.0,0.0,12,456,54.0,7,0,0,0.8,50,GK
543,Giovani,Lo Celso,0,0,0,0,0,0.0,0.0,0.0,0,0,0.0,0,0,0,0.2,50,MID
544,James,Maddison,10,9,135,2479,54,984.9,802.4,805.0,9,520,259.7,4,0,10,13.1,75,MID
545,Tanguy,Ndombélé Alvaro,0,0,0,0,0,0.0,0.0,0.0,0,0,0.0,0,0,0,0.7,45,MID
546,Pedro,Porro,3,3,59,1132,26,403.7,330.4,175.0,5,253,90.9,2,0,0,2.8,50,DEF
547,Ivan,Perišić,1,8,94,2099,44,732.8,517.8,394.0,6,430,164.2,6,0,6,2.8,50,DEF
548,Sergio,Reguilón,0,0,0,0,0,0.0,0.0,0.0,0,0,0.0,0,0,0,0.3,45,DEF
549,Richarlison,de Andrade,1,5,54,995,18,221.5,209.8,435.0,2,165,86.3,3,0,3,1.9,70,MID
550,Joe,Rodon,0,0,0,0,0,0.0,0.0,0.0,0,0,0.0,0,0,0,0.4,40,DEF
551,Cristian,Romero,0,2,66,2363,41,136.2,546.2,91.0,3,447,77.3,8,1,9,1.0,45,DEF
552,Davinson,Sánchez,0,0,28,848,17,40.0,213.8,56.0,1,166,31.0,2,0,1,0.2,45,DEF
553,Pape Matar,Sarr,0,1,14,211,11,26.8,55.4,4.0,0,60,8.6,0,0,1,0.9,45,MID
554,Ryan,Sessegnon,2,1,35,805,15,103.0,148.6,290.0,0,121,54.3,1,0,4,0.0,45,DEF
555,Oliver,Skipp,1,0,43,1489,28,157.5,222.4,52.0,1,199,43.4,4,0,7,0.2,50,MID
556,Son,Heung-min,10,6,152,2886,55,852.0,732.6,919.0,8,471,250.2,9,0,2,4.5,90,MID
557,Djed,Spence,0,0,4,5,0,1.3,0.2,20.0,0,10,2.2,0,0,0,0.7,40,DEF
558,Japhet,Tanganga,0,0,4,145,5,6.2,27.6,0.0,0,32,3.3,0,0,0,0.8,40,DEF
559,Destiny,Udogie,0,0,0,0,0,0.0,0.0,0.0,0,0,0.0,0,0,0,1.6,45,DEF
560,Guglielmo,Vicario,0,0,0,0,0,0.0,0.0,0.0,0,0,0.0,0,0,0,0.6,50,GK
561,Alfie,Whiteman,0,0,0,0,0,0.0,0.0,0.0,0,0,0.0,0,0,0,0.3,40,GK
562,Manor,Solomon,4,0,44,560,11,97.6,219.0,117.0,1,156,43.4,0,0,0,0.2,55,MID
563,Nayef,Aguerd,2,0,58,1594,28,67.9,428.2,118.0,5,320,61.4,5,0,4,0.6,45,DEF
564,Michail,Antonio,5,3,84,1822,29,209.0,305.8,579.0,4,222,109.1,5,0,2,2.0,60,FWD
565,Alphonse,Areola,0,0,7,307,7,0.0,69.4,0.0,0,42,6.8,0,0,0,30.0,40,GK
566,Saïd,Benrahma,6,3,106,2059,32,640.4,517.4,669.0,5,360,182.7,6,0,0,0.9,60,MID
567,Jarrod,Bowen,6,9,145,3232,50,686.4,630.2,1099.0,9,431,241.8,9,0,2,4.7,70,MID
568,Maxwel,Cornet,0,0,14,232,5,30.7,27.8,71.0,0,22,12.5,0,0,0,0.1,55,MID
569,Vladimír,Coufal,0,2,58,2135,35,371.2,389.0,58.0,2,327,82.1,4,0,5,0.3,45,DEF
570,Conor,Coventry,0,0,1,1,0,0.0,0.0,0.0,0,3,0.0,0,0,0,0.1,45,MID
571,Aaron,Cresswell,0,1,74,2235,32,635.3,421.4,81.0,8,439,114.2,6,0,3,1.1,45,DEF
572,Flynn,Downes,0,0,27,752,14,42.8,68.2,51.0,0,104,16.0,1,0,2,0.0,50,MID
573,Emerson,Palmieri dos Santos,1,0,39,1317,28,204.8,233.4,183.0,2,209,62.4,2,0,2,0.4,45,DEF
574,Lukasz,Fabianski,0,0,127,3111,48,0.0,772.0,0.0,10,622,77.0,9,0,1,3.3,45,GK
575,Pablo,Fornals Malla,3,1,71,1493,28,317.9,272.0,212.0,6,282,79.9,1,0,0,0.1,50,MID
576,Danny,Ings,8,2,97,1579,26,207.1,412.2,620.0,13,317,123.7,5,0,4,1.8,60,FWD
577,Ben,Johnson,0,0,29,860,13,76.8,161.6,20.0,1,164,25.9,2,0,0,0.1,45,DEF
578,Thilo,Kehrer,0,3,67,2229,34,127.0,362.6,83.0,4,362,57.6,5,0,4,0.2,45,DEF
579,Divin,Mubama,0,0,0,0,0,0.0,0.0,0.0,0,0,0.0,0,0,0,9.5,45,FWD
580,Lucas,Tolentino Coelho de Lima,4,5,98,2154,39,471.9,504.4,474.0,8,395,145.4,6,0,5,1.4,60,MID
581,Gianluca,Scamacca,3,0,41,921,12,160.7,151.8,312.0,7,110,62.0,3,0,3,0.2,60,FWD
582,Tomáš,Souček,2,4,100,2811,42,230.1,565.6,472.0,6,364,127.1,8,0,3,1.1,50,MID
583,Nikola,Vlašić,0,0,0,0,0,0.0,0.0,0.0,0,0,0.0,0,0,0,0.5,45,MID
584,Kurt,Zouma,2,1,88,1988,29,18.7,415.0,239.0,8,385,67.4,7,0,0,0.9,45,DEF
585,Angelo,Ogbonna,0,0,44,1234,19,35.2,212.8,24.0,4,217,27.4,4,0,0,0.1,45,DEF
586,Rayan,Aït-Nouri,1,0,41,1067,18,131.1,200.4,156.0,0,194,48.9,4,0,4,0.3,45,DEF
587,Daniel,Bentley,0,0,6,180,3,0.0,70.2,0.0,0,45,7.0,0,0,0,0.5,40,GK
588,Bendegúz,Bolla,0,0,0,0,0,0.0,0.0,0.0,0,0,0.0,0,0,0,0.8,40,DEF
589,Hugo,Bueno López,0,1,41,1307,29,269.2,224.0,76.0,3,239,57.2,3,0,1,0.2,45,DEF
590,Francisco Jorge,Tomás Oliveira,0,0,0,0,0,0.0,0.0,0.0,0,0,0.0,0,0,0,0.0,45,MID
591,Luke,Cundle,0,0,0,0,0,0.0,0.0,0.0,0,0,0.0,0,0,0,0.1,45,MID
592,Craig,Dawson,1,1,75,2134,31,37.2,455.6,145.0,7,390,64.0,7,0,6,0.3,45,DEF
593,Fábio,Silva,0,0,0,0,0,0.0,0.0,0.0,0,0,0.0,0,0,0,0.2,55,FWD
594,Gonçalo Manuel,Ganchinho Guedes,1,1,29,703,12,139.6,89.4,223.0,1,85,45.1,2,0,1,0.1,55,MID
595,Joe,Hodge,0,0,5,172,5,17.4,14.4,30.0,0,17,6.1,0,0,1,0.1,45,MID
596,Ki-Jana,Hoever,0,0,0,0,0,0.0,0.0,0.0,0,0,0.0,0,0,0,0.2,40,DEF
597,Hwang,Hee-chan,3,2,60,1117,18,150.2,195.2,242.0,3,156,58.8,3,0,1,0.1,55,MID
598,João Victor,Gomes da Silva,1,0,21,649,18,74.3,139.8,46.0,2,84,25.8,2,0,5,0.1,50,MID
599,Jonathan,Castro Otto,1,0,45,1257,21,118.2,233.2,83.0,0,219,43.7,5,1,3,0.1,45,DEF
600,Bruno,Cavaco Jordão,0,0,0,0,0,0.0,0.0,0.0,0,0,0.0,0,0,0,0.2,45,MID
601,Sasa,Kalajdzic,0,0,1,45,0,0.0,0.0,9.0,0,-1,0.7,0,0,0,0.2,50,FWD
602,Max,Kilman,0,1,109,3307,56,77.6,742.8,108.0,12,622,93.2,11,0,3,0.9,45,DEF
603,Tom,King,0,0,0,0,0,0.0,0.0,0.0,0,0,0.0,0,0,0,0.5,40,GK
604,Mario,Lemina,0,1,35,1297,28,66.3,216.4,36.0,0,196,31.8,5,1,2,0.0,50,MID
605,Matheus Luiz,Nunes,1,1,80,2467,38,406.6,371.4,314.0,5,338,109.3,11,1,2,0.3,50,MID
606,Pedro,Lomba Neto,0,2,37,962,15,309.5,96.8,203.0,0,124,60.9,5,0,1,0.2,55,MID
607,Daniel,Castelo Podence,6,1,92,1760,31,512.8,376.0,580.0,10,249,146.8,6,0,5,0.2,55,MID
608,José,Malheiro de Sá,0,0,148,3240,55,0.0,862.2,0.0,18,683,86.4,11,0,2,1.3,50,GK
609,Pablo,Sarabia,1,0,27,764,9,184.7,92.0,157.0,3,57,43.0,3,0,3,0.1,50,MID
610,Matija,Šarkić,0,0,0,0,0,0.0,0.0,0.0,0,0,0.0,0,0,0,1.3,40,GK
611,Nélson,Cabral Semedo,0,1,75,2633,43,229.4,455.0,88.0,5,424,76.8,8,1,11,0.3,45,DEF
612,Toti António,Gomes,1,0,43,978,14,74.5,230.0,69.0,4,201,37.4,4,0,6,0.1,45,DEF
613,Boubacar,Traoré,0,1,14,405,9,16.9,54.4,7.0,0,44,7.9,0,0,2,0.6,45,MID
614,Matheus,Santos Carneiro Da Cunha,2,0,39,961,12,95.1,143.0,217.0,6,122,45.1,5,0,1,0.3,55,FWD
615,Matt,Doherty,1,0,35,663,9,110.5,147.0,146.0,2,147,40.3,3,0,0,0.4,45,DEF
